action_id,cif_no,action_type,status,user_text,api_name,api_payload,resolved_entities,missing_fields,risk_score,risk_tier,requires_confirmation,requires_otp,created_at,updated_at
10a66751-e588-52b3-8c89-c500d10fd465,CIF000066,TRANSFER,EXECUTED,Chuyen 50 trieu cho nguoi nhan moi,external_transfer_api,"{""from_account_no"": ""92644220969"", ""to_account_no"": ""872975859883"", ""to_bank_code"": ""TCB"", ""to_name"": ""Hoang Van Uyen"", ""amount"": 30538599, ""currency"": ""VND"", ""description"": ""Chuyen tien cho Uyen""}","{""beneficiary_name"": ""Hoang Van Uyen"", ""amount"": 30538599, ""bank_code"": ""TCB""}",[],0.21,GREEN,True,True,2026-05-22 08:25:12,2026-05-22 08:26:10
bbd8c20a-2e83-5670-a6b3-a43703812c12,CIF000039,TRANSFER,EXECUTED,Gui tien cho me 5 trieu,external_transfer_api,"{""from_account_no"": ""98262244472"", ""to_account_no"": ""452280156193"", ""to_bank_code"": ""TCB"", ""to_name"": ""Do Van An"", ""amount"": 5463851, ""currency"": ""VND"", ""description"": ""Chuyen tien cho An""}","{""beneficiary_name"": ""Do Van An"", ""amount"": 5463851, ""bank_code"": ""TCB""}",[],0.17,GREEN,True,False,2026-04-29 23:42:22,2026-04-29 23:47:17
9e07d189-c48d-5ff0-bbc2-cb437f37e4e3,CIF000080,TRANSFER,READY_TO_EXECUTE,Chuyen cho anh Nam 10 trieu,external_transfer_api,"{""from_account_no"": ""4470120455611"", ""to_account_no"": ""55027275164"", ""to_bank_code"": ""TPB"", ""to_name"": ""Tran Huu Yen"", ""amount"": 47497026, ""currency"": ""VND"", ""description"": ""Chuyen tien cho Yen""}","{""beneficiary_name"": ""Tran Huu Yen"", ""amount"": 47497026, ""bank_code"": ""TPB""}",[],0.16,GREEN,True,True,2026-04-20 00:45:51,2026-04-20 00:50:15
95ff56b0-cd92-5fc7-9f5a-c0c32ebbf29f,CIF000012,TRANSFER,PENDING_OTP,Gui tien cho me 5 trieu,external_transfer_api,"{""from_account_no"": ""0278681447"", ""to_account_no"": ""2762126796"", ""to_bank_code"": ""VIB"", ""to_name"": ""Le Van Cuong"", ""amount"": 28066261, ""currency"": ""VND"", ""description"": ""Chuyen tien cho Cuong""}","{""beneficiary_name"": ""Le Van Cuong"", ""amount"": 28066261, ""bank_code"": ""VIB""}",[],0.63,ORANGE,True,True,2026-04-04 07:55:53,2026-04-04 07:57:07
44888f96-0759-502c-a6c8-1401b62fa66e,CIF000042,TRANSFER,MISSING_INFO,Chuyen tien thue nha thang nay,external_transfer_api,{},"{""beneficiary_name"": ""Nguyen Thi Vy"", ""amount"": 1573520, ""bank_code"": ""BIDV""}","[""to_account_no""]",0.33,YELLOW,True,True,2026-05-06 13:54:36,2026-05-06 13:57:56
7bc6e9ec-079d-59f7-aed5-7150016e01b5,CIF000081,TRANSFER,READY_TO_EXECUTE,Chuyen cho Minh 2 trieu nhu thang truoc,external_transfer_api,"{""from_account_no"": ""25579415521"", ""to_account_no"": ""8613715766053"", ""to_bank_code"": ""TPB"", ""to_name"": ""Dang Minh Khoa"", ""amount"": 18022504, ""currency"": ""VND"", ""description"": ""Chuyen tien cho Khoa""}","{""beneficiary_name"": ""Dang Minh Khoa"", ""amount"": 18022504, ""bank_code"": ""TPB""}",[],0.13,GREEN,True,True,2026-05-24 04:14:39,2026-05-24 04:15:13
953fc2d5-a8a0-577b-992b-26cce83e7403,CIF000088,TRANSFER,EXECUTED,Chuyen 50 trieu cho nguoi nhan moi,external_transfer_api,"{""from_account_no"": ""3424420438"", ""to_account_no"": ""1307240787"", ""to_bank_code"": ""MB"", ""to_name"": ""Tran Duc Son"", ""amount"": 37639671, ""currency"": ""VND"", ""description"": ""Chuyen tien cho Son""}","{""beneficiary_name"": ""Tran Duc Son"", ""amount"": 37639671, ""bank_code"": ""MB""}",[],0.31,YELLOW,True,True,2026-05-18 00:12:11,2026-05-18 00:16:36
812e5bae-75b6-5a61-80e6-091fdd4a121a,CIF000035,TRANSFER,BLOCKED,Chuyen cho Minh 2 trieu nhu thang truoc,external_transfer_api,"{""from_account_no"": ""9977008860"", ""to_account_no"": ""134228499390"", ""to_bank_code"": ""TPB"", ""to_name"": ""Tran Duc Dung"", ""amount"": 47346728, ""currency"": ""VND"", ""description"": ""Chuyen tien cho Dung""}","{""beneficiary_name"": ""Tran Duc Dung"", ""amount"": 47346728, ""bank_code"": ""TPB""}",[],0.84,RED,True,True,2026-04-09 09:57:59,2026-04-09 10:00:41
7b58d922-e793-56d0-983d-b92d30beb063,CIF000065,TRANSFER,EXECUTED,Chuyen cho Minh 2 trieu nhu thang truoc,external_transfer_api,"{""from_account_no"": ""691545226752"", ""to_account_no"": ""1367492617"", ""to_bank_code"": ""ACB"", ""to_name"": ""Le Ngoc Khoa"", ""amount"": 9012012, ""currency"": ""VND"", ""description"": ""Chuyen tien cho Khoa""}","{""beneficiary_name"": ""Le Ngoc Khoa"", ""amount"": 9012012, ""bank_code"": ""ACB""}",[],0.75,ORANGE,True,True,2026-05-20 14:48:29,2026-05-20 14:52:04
7b05865f-4d70-5169-99be-0d73007428e5,CIF000089,TRANSFER,PENDING_OTP,Chuyen 50 trieu cho nguoi nhan moi,external_transfer_api,"{""from_account_no"": ""86384066658"", ""to_account_no"": ""11457758474"", ""to_bank_code"": ""MB"", ""to_name"": ""Do Anh Giang"", ""amount"": 33321205, ""currency"": ""VND"", ""description"": ""Chuyen tien cho Giang""}","{""beneficiary_name"": ""Do Anh Giang"", ""amount"": 33321205, ""bank_code"": ""MB""}",[],0.62,ORANGE,True,True,2026-05-04 05:00:41,2026-05-04 05:02:10
2f99ac8a-c926-5007-b851-c1d4a83844db,CIF000053,TRANSFER,READY_TO_EXECUTE,Chuyen 50 trieu cho nguoi nhan moi,external_transfer_api,"{""from_account_no"": ""389836403761"", ""to_account_no"": ""390789567766"", ""to_bank_code"": ""MB"", ""to_name"": ""Hoang Hoang Uyen"", ""amount"": 12539413, ""currency"": ""VND"", ""description"": ""Chuyen tien cho Uyen""}","{""beneficiary_name"": ""Hoang Hoang Uyen"", ""amount"": 12539413, ""bank_code"": ""MB""}",[],0.2,GREEN,True,True,2026-04-14 20:29:59,2026-04-14 20:31:29
f55f4852-fff7-55a8-852f-31017a328561,CIF000013,TRANSFER,EXECUTED,Chuyen tien thue nha thang nay,external_transfer_api,"{""from_account_no"": ""3121727155188"", ""to_account_no"": ""654420949407"", ""to_bank_code"": ""VIB"", ""to_name"": ""Bui Huu Lan"", ""amount"": 22465891, ""currency"": ""VND"", ""description"": ""Chuyen tien cho Lan""}","{""beneficiary_name"": ""Bui Huu Lan"", ""amount"": 22465891, ""bank_code"": ""VIB""}",[],0.28,GREEN,True,True,2026-05-15 17:38:03,2026-05-15 17:42:51
d97f11b6-08c6-5f73-8e6b-a740f087f632,CIF000002,TRANSFER,EXECUTED,Chuyen cho anh Nam 10 trieu,external_transfer_api,"{""from_account_no"": ""411998679807"", ""to_account_no"": ""4659116655"", ""to_bank_code"": ""CTG"", ""to_name"": ""Do Minh Khoa"", ""amount"": 10753873, ""currency"": ""VND"", ""description"": ""Chuyen tien cho Khoa""}","{""beneficiary_name"": ""Do Minh Khoa"", ""amount"": 10753873, ""bank_code"": ""CTG""}",[],0.14,GREEN,True,True,2026-05-07 15:37:22,2026-05-07 15:39:43
490c74c9-8c95-5be0-9ad6-f90a9ea5d82e,CIF000022,TRANSFER,EXECUTED,Chuyen cho anh Nam 10 trieu,external_transfer_api,"{""from_account_no"": ""67734540193"", ""to_account_no"": ""7884795137"", ""to_bank_code"": ""TCB"", ""to_name"": ""Do Anh Long"", ""amount"": 24752644, ""currency"": ""VND"", ""description"": ""Chuyen tien cho Long""}","{""beneficiary_name"": ""Do Anh Long"", ""amount"": 24752644, ""bank_code"": ""TCB""}",[],0.25,GREEN,True,True,2026-04-23 21:40:51,2026-04-23 21:42:09
0a533c01-05e0-50ea-8f6e-e4bed9530554,CIF000063,TRANSFER,FAILED,Gui tien cho me 5 trieu,external_transfer_api,"{""from_account_no"": ""13348039652"", ""to_account_no"": ""5668633414"", ""to_bank_code"": ""TCB"", ""to_name"": ""Vo Minh Nhi"", ""amount"": 40173255, ""currency"": ""VND"", ""description"": ""Chuyen tien cho Nhi""}","{""beneficiary_name"": ""Vo Minh Nhi"", ""amount"": 40173255, ""bank_code"": ""TCB""}",[],0.45,YELLOW,True,True,2026-04-06 21:25:36,2026-04-06 21:26:37
32859d4c-22d0-517e-b983-d12d30e9f1ec,CIF000063,TRANSFER,EXECUTED,Chuyen cho Minh 2 trieu nhu thang truoc,external_transfer_api,"{""from_account_no"": ""642059304078"", ""to_account_no"": ""5668633414"", ""to_bank_code"": ""TCB"", ""to_name"": ""Vo Minh Nhi"", ""amount"": 31509652, ""currency"": ""VND"", ""description"": ""Chuyen tien cho Nhi""}","{""beneficiary_name"": ""Vo Minh Nhi"", ""amount"": 31509652, ""bank_code"": ""TCB""}",[],0.27,GREEN,True,True,2026-05-07 20:28:23,2026-05-07 20:29:38
4b627631-6dac-5d03-ad17-8fcbc5c540c0,CIF000023,TRANSFER,EXECUTED,Gui tien cho me 5 trieu,external_transfer_api,"{""from_account_no"": ""2067240049915"", ""to_account_no"": ""8284106727520"", ""to_bank_code"": ""TPB"", ""to_name"": ""Vo Duc Oanh"", ""amount"": 49567576, ""currency"": ""VND"", ""description"": ""Chuyen tien cho Oanh""}","{""beneficiary_name"": ""Vo Duc Oanh"", ""amount"": 49567576, ""bank_code"": ""TPB""}",[],0.03,GREEN,True,True,2026-05-26 21:08:02,2026-05-26 21:11:10
774ac552-112c-5961-9004-5b534c309a2f,CIF000022,TRANSFER,EXECUTED,Chuyen 50 trieu cho nguoi nhan moi,external_transfer_api,"{""from_account_no"": ""67734540193"", ""to_account_no"": ""7884795137"", ""to_bank_code"": ""TCB"", ""to_name"": ""Do Anh Long"", ""amount"": 26432732, ""currency"": ""VND"", ""description"": ""Chuyen tien cho Long""}","{""beneficiary_name"": ""Do Anh Long"", ""amount"": 26432732, ""bank_code"": ""TCB""}",[],0.23,GREEN,True,True,2026-05-13 17:09:46,2026-05-13 17:13:42
8de009cd-525d-524a-a964-6058a751b0b0,CIF000035,TRANSFER,READY_TO_EXECUTE,Chuyen tien thue nha thang nay,external_transfer_api,"{""from_account_no"": ""9977008860"", ""to_account_no"": ""134228499390"", ""to_bank_code"": ""TPB"", ""to_name"": ""Tran Duc Dung"", ""amount"": 22389432, ""currency"": ""VND"", ""description"": ""Chuyen tien cho Dung""}","{""beneficiary_name"": ""Tran Duc Dung"", ""amount"": 22389432, ""bank_code"": ""TPB""}",[],0.55,YELLOW,True,True,2026-05-05 11:14:03,2026-05-05 11:17:44
2344c911-85cf-51e5-b069-e5e9d8f233ea,CIF000079,TRANSFER,READY_TO_EXECUTE,Chuyen tien thue nha thang nay,external_transfer_api,"{""from_account_no"": ""30461849926"", ""to_account_no"": ""6442121461"", ""to_bank_code"": ""VPB"", ""to_name"": ""Nguyen Minh Mai"", ""amount"": 45112772, ""currency"": ""VND"", ""description"": ""Chuyen tien cho Mai""}","{""beneficiary_name"": ""Nguyen Minh Mai"", ""amount"": 45112772, ""bank_code"": ""VPB""}",[],0.34,YELLOW,True,True,2026-05-18 00:41:17,2026-05-18 00:42:25
63868f48-dab5-5041-9287-b41be7f3664d,CIF000084,TRANSFER,READY_TO_EXECUTE,Chuyen cho Minh 2 trieu nhu thang truoc,external_transfer_api,"{""from_account_no"": ""9948837550"", ""to_account_no"": ""12447315847"", ""to_bank_code"": ""STB"", ""to_name"": ""Nguyen Thanh Em"", ""amount"": 32763763, ""currency"": ""VND"", ""description"": ""Chuyen tien cho Em""}","{""beneficiary_name"": ""Nguyen Thanh Em"", ""amount"": 32763763, ""bank_code"": ""STB""}",[],0.4,YELLOW,True,True,2026-04-04 22:20:19,2026-04-04 22:20:32
b77ca2d3-71e5-55b1-93d0-3d2c25434912,CIF000012,TRANSFER,EXECUTED,Chuyen tien thue nha thang nay,external_transfer_api,"{""from_account_no"": ""0278681447"", ""to_account_no"": ""2762126796"", ""to_bank_code"": ""VIB"", ""to_name"": ""Le Van Cuong"", ""amount"": 19796323, ""currency"": ""VND"", ""description"": ""Chuyen tien cho Cuong""}","{""beneficiary_name"": ""Le Van Cuong"", ""amount"": 19796323, ""bank_code"": ""VIB""}",[],0.71,ORANGE,True,True,2026-05-21 02:41:15,2026-05-21 02:41:38
2efba996-a37a-590a-a0d4-4d57a2be1a2f,CIF000035,TRANSFER,EXECUTED,Gui tien cho me 5 trieu,external_transfer_api,"{""from_account_no"": ""9977008860"", ""to_account_no"": ""0489646528"", ""to_bank_code"": ""VCB"", ""to_name"": ""Vo Huu Thao"", ""amount"": 23304412, ""currency"": ""VND"", ""description"": ""Chuyen tien cho Thao""}","{""beneficiary_name"": ""Vo Huu Thao"", ""amount"": 23304412, ""bank_code"": ""VCB""}",[],0.12,GREEN,True,True,2026-05-11 10:35:37,2026-05-11 10:38:07
583f1833-4e96-59bd-9043-e8187c69fe04,CIF000011,TRANSFER,PENDING_CONFIRMATION,Chuyen tien thue nha thang nay,external_transfer_api,"{""from_account_no"": ""84511544796"", ""to_account_no"": ""81615814876"", ""to_bank_code"": ""VIB"", ""to_name"": ""Vo Huu Xuan"", ""amount"": 46689152, ""currency"": ""VND"", ""description"": ""Chuyen tien cho Xuan""}","{""beneficiary_name"": ""Vo Huu Xuan"", ""amount"": 46689152, ""bank_code"": ""VIB""}",[],0.16,GREEN,True,True,2026-04-18 11:58:33,2026-04-18 12:01:41
38a5affb-6a46-563a-b3ec-6f20e26c1845,CIF000030,TRANSFER,MISSING_INFO,Chuyen cho anh Nam 10 trieu,external_transfer_api,{},"{""beneficiary_name"": ""Vo Thi Phuc"", ""amount"": 16636936, ""bank_code"": ""CTG""}","[""to_account_no""]",0.11,GREEN,True,True,2026-04-25 10:16:00,2026-04-25 10:18:01
11a9e652-86e8-508c-b853-7a006d2a77fb,CIF000008,TRANSFER,DRAFT,Chuyen 50 trieu cho nguoi nhan moi,external_transfer_api,{},"{""beneficiary_name"": ""Tran Duc Linh"", ""amount"": 34338821, ""bank_code"": ""VPB""}",[],0.54,YELLOW,True,True,2026-04-08 09:43:53,2026-04-08 09:48:41
7f2e6e84-5740-59cb-ad0f-3978874c55ac,CIF000034,TRANSFER,MISSING_INFO,Chuyen tien thue nha thang nay,external_transfer_api,{},"{""beneficiary_name"": ""Hoang Quoc Khoa"", ""amount"": 45033789, ""bank_code"": ""VIB""}","[""to_account_no""]",0.17,GREEN,True,True,2026-05-18 20:36:50,2026-05-18 20:38:44
851f6074-71b0-5c6e-ae79-3240dc433a0e,CIF000084,TRANSFER,EXECUTED,Chuyen 50 trieu cho nguoi nhan moi,external_transfer_api,"{""from_account_no"": ""9948837550"", ""to_account_no"": ""2091179112"", ""to_bank_code"": ""VPB"", ""to_name"": ""Hoang Van Linh"", ""amount"": 46659674, ""currency"": ""VND"", ""description"": ""Chuyen tien cho Linh""}","{""beneficiary_name"": ""Hoang Van Linh"", ""amount"": 46659674, ""bank_code"": ""VPB""}",[],0.22,GREEN,True,True,2026-04-04 01:59:42,2026-04-04 02:00:57
fcf6bee0-a375-5011-885b-d65ba7b21223,CIF000046,TRANSFER,DRAFT,Chuyen tien thue nha thang nay,external_transfer_api,{},"{""beneficiary_name"": ""Nguyen Van Nhi"", ""amount"": 38720249, ""bank_code"": ""TCB""}",[],0.04,GREEN,True,True,2026-04-09 09:18:30,2026-04-09 09:19:25
a37a6d71-6e14-5742-8622-e9e6e6444ffc,CIF000038,TRANSFER,EXECUTED,Chuyen cho anh Nam 10 trieu,external_transfer_api,"{""from_account_no"": ""5511047541212"", ""to_account_no"": ""9404760440"", ""to_bank_code"": ""TCB"", ""to_name"": ""Hoang Anh Nhi"", ""amount"": 5421544, ""currency"": ""VND"", ""description"": ""Chuyen tien cho Nhi""}","{""beneficiary_name"": ""Hoang Anh Nhi"", ""amount"": 5421544, ""bank_code"": ""TCB""}",[],0.45,YELLOW,True,True,2026-04-23 12:59:48,2026-04-23 13:03:55
3a215828-8d64-5fff-ab8e-d583cb268805,CIF000086,TRANSFER,EXECUTED,Chuyen 50 trieu cho nguoi nhan moi,external_transfer_api,"{""from_account_no"": ""92216995866"", ""to_account_no"": ""3213580040104"", ""to_bank_code"": ""TCB"", ""to_name"": ""Le Thi Nam"", ""amount"": 4708784, ""currency"": ""VND"", ""description"": ""Chuyen tien cho Nam""}","{""beneficiary_name"": ""Le Thi Nam"", ""amount"": 4708784, ""bank_code"": ""TCB""}",[],0.2,GREEN,False,False,2026-05-14 13:33:28,2026-05-14 13:35:43
d0ed39b1-093d-59b1-b922-51dd660f9625,CIF000029,TRANSFER,EXECUTED,Chuyen tien thue nha thang nay,external_transfer_api,"{""from_account_no"": ""2843959953"", ""to_account_no"": ""419876351484"", ""to_bank_code"": ""ACB"", ""to_name"": ""Ngo Thi Xuan"", ""amount"": 35991622, ""currency"": ""VND"", ""description"": ""Chuyen tien cho Xuan""}","{""beneficiary_name"": ""Ngo Thi Xuan"", ""amount"": 35991622, ""bank_code"": ""ACB""}",[],0.19,GREEN,True,True,2026-05-04 08:23:22,2026-05-04 08:24:24
63e3c3d7-64e8-5cc3-acfd-10ff0a748e67,CIF000008,TRANSFER,MISSING_INFO,Chuyen cho Minh 2 trieu nhu thang truoc,external_transfer_api,{},"{""beneficiary_name"": ""Bui Duc Hieu"", ""amount"": 44955429, ""bank_code"": ""VIB""}","[""to_account_no""]",0.0,GREEN,True,True,2026-04-27 02:40:23,2026-04-27 02:40:48
b89dcb33-433b-549c-8641-44aef991352a,CIF000068,TRANSFER,PENDING_CONFIRMATION,Gui tien cho me 5 trieu,external_transfer_api,"{""from_account_no"": ""997062962015"", ""to_account_no"": ""285067625153"", ""to_bank_code"": ""TPB"", ""to_name"": ""Pham Duc Cuong"", ""amount"": 11636392, ""currency"": ""VND"", ""description"": ""Chuyen tien cho Cuong""}","{""beneficiary_name"": ""Pham Duc Cuong"", ""amount"": 11636392, ""bank_code"": ""TPB""}",[],0.02,GREEN,True,True,2026-05-18 16:48:08,2026-05-18 16:50:53
1a95609b-19d7-56b9-85a7-ca966915ba3b,CIF000085,TRANSFER,PENDING_OTP,Chuyen cho anh Nam 10 trieu,external_transfer_api,"{""from_account_no"": ""5711305548851"", ""to_account_no"": ""51050537953"", ""to_bank_code"": ""TPB"", ""to_name"": ""Pham Thanh Oanh"", ""amount"": 24575260, ""currency"": ""VND"", ""description"": ""Chuyen tien cho Oanh""}","{""beneficiary_name"": ""Pham Thanh Oanh"", ""amount"": 24575260, ""bank_code"": ""TPB""}",[],0.26,GREEN,True,True,2026-04-24 05:58:47,2026-04-24 06:01:38
42b411d4-2ff2-5a40-97f2-8bf06b034853,CIF000099,TRANSFER,EXECUTED,Chuyen cho anh Nam 10 trieu,external_transfer_api,"{""from_account_no"": ""303856770051"", ""to_account_no"": ""616420595565"", ""to_bank_code"": ""STB"", ""to_name"": ""Pham Thanh Xuan"", ""amount"": 46622461, ""currency"": ""VND"", ""description"": ""Chuyen tien cho Xuan""}","{""beneficiary_name"": ""Pham Thanh Xuan"", ""amount"": 46622461, ""bank_code"": ""STB""}",[],0.26,GREEN,True,True,2026-05-27 11:41:00,2026-05-27 11:44:48
fae9e58a-ac7a-5035-b553-73209da1d890,CIF000038,TRANSFER,EXECUTED,Gui tien cho me 5 trieu,external_transfer_api,"{""from_account_no"": ""5511047541212"", ""to_account_no"": ""9984076789973"", ""to_bank_code"": ""VCB"", ""to_name"": ""Tran Ngoc Quang"", ""amount"": 11636853, ""currency"": ""VND"", ""description"": ""Chuyen tien cho Quang""}","{""beneficiary_name"": ""Tran Ngoc Quang"", ""amount"": 11636853, ""bank_code"": ""VCB""}",[],0.26,GREEN,True,True,2026-05-26 10:47:59,2026-05-26 10:51:57
d64f566c-26c6-5db8-b6da-73ac49de5301,CIF000099,TRANSFER,PENDING_CONFIRMATION,Chuyen 50 trieu cho nguoi nhan moi,external_transfer_api,"{""from_account_no"": ""303856770051"", ""to_account_no"": ""8304405809"", ""to_bank_code"": ""CTG"", ""to_name"": ""Bui Huu Nam"", ""amount"": 6114352, ""currency"": ""VND"", ""description"": ""Chuyen tien cho Nam""}","{""beneficiary_name"": ""Bui Huu Nam"", ""amount"": 6114352, ""bank_code"": ""CTG""}",[],0.65,ORANGE,True,True,2026-05-14 01:20:55,2026-05-14 01:23:59
45973ee2-6625-5c74-9127-7897f59e4936,CIF000033,TRANSFER,BLOCKED,Chuyen cho anh Nam 10 trieu,external_transfer_api,"{""from_account_no"": ""7535560932"", ""to_account_no"": ""1333447626393"", ""to_bank_code"": ""VPB"", ""to_name"": ""Dang Hoang Long"", ""amount"": 31406179, ""currency"": ""VND"", ""description"": ""Chuyen tien cho Long""}","{""beneficiary_name"": ""Dang Hoang Long"", ""amount"": 31406179, ""bank_code"": ""VPB""}",[],1.0,RED,True,True,2026-05-06 03:35:18,2026-05-06 03:37:15
c382625d-e155-5d18-80c3-87f6d0b618a4,CIF000062,TRANSFER,EXECUTED,Chuyen cho Minh 2 trieu nhu thang truoc,external_transfer_api,"{""from_account_no"": ""24472099934"", ""to_account_no"": ""28980271487"", ""to_bank_code"": ""BIDV"", ""to_name"": ""Tran Ngoc Minh"", ""amount"": 15395020, ""currency"": ""VND"", ""description"": ""Chuyen tien cho Minh""}","{""beneficiary_name"": ""Tran Ngoc Minh"", ""amount"": 15395020, ""bank_code"": ""BIDV""}",[],0.25,GREEN,True,True,2026-05-03 13:27:39,2026-05-03 13:32:26
0e3c4505-fa7e-59b4-a3eb-e8c922160653,CIF000012,TRANSFER,EXECUTED,Chuyen cho anh Nam 10 trieu,external_transfer_api,"{""from_account_no"": ""0278681447"", ""to_account_no"": ""651909862405"", ""to_bank_code"": ""TPB"", ""to_name"": ""Hoang Huu Trang"", ""amount"": 19787830, ""currency"": ""VND"", ""description"": ""Chuyen tien cho Trang""}","{""beneficiary_name"": ""Hoang Huu Trang"", ""amount"": 19787830, ""bank_code"": ""TPB""}",[],0.13,GREEN,True,True,2026-05-18 00:52:09,2026-05-18 00:55:23
09b6b29c-4ae4-532c-98d5-08f5c0069af2,CIF000062,TRANSFER,EXECUTED,Chuyen cho Minh 2 trieu nhu thang truoc,external_transfer_api,"{""from_account_no"": ""24472099934"", ""to_account_no"": ""28980271487"", ""to_bank_code"": ""BIDV"", ""to_name"": ""Tran Ngoc Minh"", ""amount"": 2537193, ""currency"": ""VND"", ""description"": ""Chuyen tien cho Minh""}","{""beneficiary_name"": ""Tran Ngoc Minh"", ""amount"": 2537193, ""bank_code"": ""BIDV""}",[],0.25,GREEN,False,False,2026-04-18 23:02:08,2026-04-18 23:02:47
22a3f7b8-8a6d-5791-a924-b2f6178fbe8d,CIF000040,TRANSFER,PENDING_OTP,Chuyen tien thue nha thang nay,external_transfer_api,"{""from_account_no"": ""9356465193982"", ""to_account_no"": ""0771199180"", ""to_bank_code"": ""TPB"", ""to_name"": ""Hoang Duc Mai"", ""amount"": 5480752, ""currency"": ""VND"", ""description"": ""Chuyen tien cho Mai""}","{""beneficiary_name"": ""Hoang Duc Mai"", ""amount"": 5480752, ""bank_code"": ""TPB""}",[],0.26,GREEN,True,False,2026-04-27 11:18:07,2026-04-27 11:22:55
a1a2f7a6-e044-55a3-8506-61cc8a20e710,CIF000095,TRANSFER,FAILED,Chuyen tien thue nha thang nay,external_transfer_api,"{""from_account_no"": ""353682223943"", ""to_account_no"": ""1302056981"", ""to_bank_code"": ""MB"", ""to_name"": ""Do Minh Cuong"", ""amount"": 8349096, ""currency"": ""VND"", ""description"": ""Chuyen tien cho Cuong""}","{""beneficiary_name"": ""Do Minh Cuong"", ""amount"": 8349096, ""bank_code"": ""MB""}",[],0.34,YELLOW,True,True,2026-05-22 19:20:35,2026-05-22 19:22:57
0ec96055-87fd-5ddc-a586-9295b07f2150,CIF000051,TRANSFER,READY_TO_EXECUTE,Chuyen tien thue nha thang nay,external_transfer_api,"{""from_account_no"": ""06436110371"", ""to_account_no"": ""5347355289"", ""to_bank_code"": ""ACB"", ""to_name"": ""Nguyen Duc Phuc"", ""amount"": 30177828, ""currency"": ""VND"", ""description"": ""Chuyen tien cho Phuc""}","{""beneficiary_name"": ""Nguyen Duc Phuc"", ""amount"": 30177828, ""bank_code"": ""ACB""}",[],0.5,YELLOW,True,True,2026-04-06 10:31:42,2026-04-06 10:35:26
fa02d6fb-b5f1-58ae-82b0-54b132212042,CIF000074,TRANSFER,EXECUTED,Gui tien cho me 5 trieu,external_transfer_api,"{""from_account_no"": ""466574374896"", ""to_account_no"": ""14519515109"", ""to_bank_code"": ""BIDV"", ""to_name"": ""Bui Duc Dung"", ""amount"": 45780691, ""currency"": ""VND"", ""description"": ""Chuyen tien cho Dung""}","{""beneficiary_name"": ""Bui Duc Dung"", ""amount"": 45780691, ""bank_code"": ""BIDV""}",[],0.46,YELLOW,True,True,2026-05-09 00:52:40,2026-05-09 00:57:37
e3599468-c3c5-5553-a362-f5fc1dfd5e63,CIF000065,TRANSFER,EXECUTED,Gui tien cho me 5 trieu,external_transfer_api,"{""from_account_no"": ""691545226752"", ""to_account_no"": ""102932184011"", ""to_bank_code"": ""TPB"", ""to_name"": ""Nguyen Anh Son"", ""amount"": 16334600, ""currency"": ""VND"", ""description"": ""Chuyen tien cho Son""}","{""beneficiary_name"": ""Nguyen Anh Son"", ""amount"": 16334600, ""bank_code"": ""TPB""}",[],0.26,GREEN,True,True,2026-04-05 23:08:01,2026-04-05 23:12:39
343a6bf9-5127-5110-b89a-83bd6b698bd3,CIF000027,TRANSFER,PENDING_CONFIRMATION,Chuyen cho anh Nam 10 trieu,external_transfer_api,"{""from_account_no"": ""4786863375"", ""to_account_no"": ""75480157164"", ""to_bank_code"": ""STB"", ""to_name"": ""Tran Hoang Dung"", ""amount"": 23659664, ""currency"": ""VND"", ""description"": ""Chuyen tien cho Dung""}","{""beneficiary_name"": ""Tran Hoang Dung"", ""amount"": 23659664, ""bank_code"": ""STB""}",[],0.23,GREEN,True,True,2026-04-26 19:23:34,2026-04-26 19:25:32
945e54fc-7b9f-576c-af14-e65d6d6acea7,CIF000012,PHONE_TOPUP,EXECUTED,Nap 200k cho me,external_phone_topup_api,"{""from_account_no"": ""0278681447"", ""phone_number"": ""0704922240"", ""telco"": ""MOBIFONE"", ""amount"": 500000, ""currency"": ""VND""}","{""phone_number"": ""0704922240"", ""telco"": ""MOBIFONE"", ""amount"": 500000}",[],0.24,GREEN,False,False,2026-05-13 05:13:07,2026-05-13 05:16:47
7a000d62-20c6-5b69-83c4-562f228019cd,CIF000004,PHONE_TOPUP,FAILED,Nap 200k cho me,external_phone_topup_api,"{""from_account_no"": ""492519254629"", ""phone_number"": ""0964627886"", ""telco"": ""VIETTEL"", ""amount"": 500000, ""currency"": ""VND""}","{""phone_number"": ""0964627886"", ""telco"": ""VIETTEL"", ""amount"": 500000}",[],0.55,YELLOW,True,True,2026-04-20 13:01:51,2026-04-20 13:06:20
2ed7382f-ca36-5e0a-bc86-34ee471c9a82,CIF000002,PHONE_TOPUP,MISSING_INFO,Nap dien thoai 100k cho so lan truoc,external_phone_topup_api,{},"{""phone_number"": ""0787807767"", ""telco"": ""MOBIFONE"", ""amount"": 500000}","[""amount""]",0.06,GREEN,False,False,2026-05-23 10:01:24,2026-05-23 10:03:32
88333022-769a-5507-89aa-17c51e92b644,CIF000020,PHONE_TOPUP,EXECUTED,Nap dien thoai 100k cho so lan truoc,external_phone_topup_api,"{""from_account_no"": ""5278585497334"", ""phone_number"": ""0885529648"", ""telco"": ""VINAPHONE"", ""amount"": 100000, ""currency"": ""VND""}","{""phone_number"": ""0885529648"", ""telco"": ""VINAPHONE"", ""amount"": 100000}",[],0.2,GREEN,False,False,2026-05-28 04:25:36,2026-05-28 04:30:22
d3160582-7409-5e19-90df-391292dd614a,CIF000075,PHONE_TOPUP,EXECUTED,Nap 200k cho me,external_phone_topup_api,"{""from_account_no"": ""53875842824"", ""phone_number"": ""0939554340"", ""telco"": ""VIETTEL"", ""amount"": 200000, ""currency"": ""VND""}","{""phone_number"": ""0939554340"", ""telco"": ""VIETTEL"", ""amount"": 200000}",[],0.5,YELLOW,True,True,2026-04-26 23:51:00,2026-04-26 23:51:45
90273c65-3eec-5fc1-a00d-57284cba14ec,CIF000061,PHONE_TOPUP,PENDING_CONFIRMATION,Nap 200k cho me,external_phone_topup_api,"{""from_account_no"": ""2151070296670"", ""phone_number"": ""0981786977"", ""telco"": ""VIETTEL"", ""amount"": 100000, ""currency"": ""VND""}","{""phone_number"": ""0981786977"", ""telco"": ""VIETTEL"", ""amount"": 100000}",[],0.79,ORANGE,True,True,2026-05-24 03:25:47,2026-05-24 03:30:25
9467aef5-c643-5c4c-bf52-f4a662d6f947,CIF000069,PHONE_TOPUP,DRAFT,Nap 200k cho me,external_phone_topup_api,{},"{""phone_number"": ""0903535839"", ""telco"": ""VIETTEL"", ""amount"": 200000}",[],0.37,YELLOW,True,True,2026-04-13 22:50:07,2026-04-13 22:52:57
96d6bcb3-8eb5-5684-99a6-f7a9ac6e1801,CIF000075,PHONE_TOPUP,FAILED,Nap dien thoai 50k,external_phone_topup_api,"{""from_account_no"": ""53875842824"", ""phone_number"": ""0318009863"", ""telco"": ""VIETTEL"", ""amount"": 100000, ""currency"": ""VND""}","{""phone_number"": ""0318009863"", ""telco"": ""VIETTEL"", ""amount"": 100000}",[],0.02,GREEN,False,False,2026-04-08 12:15:52,2026-04-08 12:19:24
87362b29-54c5-5e01-a0ca-da20e62b06f0,CIF000058,PHONE_TOPUP,EXECUTED,Nap dien thoai 100k cho so lan truoc,external_phone_topup_api,"{""from_account_no"": ""5064138367"", ""phone_number"": ""0350103800"", ""telco"": ""VIETTEL"", ""amount"": 500000, ""currency"": ""VND""}","{""phone_number"": ""0350103800"", ""telco"": ""VIETTEL"", ""amount"": 500000}",[],0.78,ORANGE,True,True,2026-04-10 05:44:51,2026-04-10 05:47:47
ce605c5a-340e-544f-9fdf-3226f7a263f3,CIF000075,PHONE_TOPUP,PENDING_CONFIRMATION,Nap dien thoai 100k cho so lan truoc,external_phone_topup_api,"{""from_account_no"": ""53875842824"", ""phone_number"": ""0344189234"", ""telco"": ""VIETTEL"", ""amount"": 100000, ""currency"": ""VND""}","{""phone_number"": ""0344189234"", ""telco"": ""VIETTEL"", ""amount"": 100000}",[],0.5,YELLOW,True,True,2026-04-15 18:14:22,2026-04-15 18:15:55
44dae294-91f4-59f7-939e-c49a92a5a698,CIF000045,PHONE_TOPUP,EXECUTED,Nap 200k cho me,external_phone_topup_api,"{""from_account_no"": ""9691557924991"", ""phone_number"": ""0715285489"", ""telco"": ""MOBIFONE"", ""amount"": 200000, ""currency"": ""VND""}","{""phone_number"": ""0715285489"", ""telco"": ""MOBIFONE"", ""amount"": 200000}",[],0.02,GREEN,False,False,2026-05-30 21:58:28,2026-05-30 22:03:00
c3efe269-f2d3-5ac0-b202-0039360d32b8,CIF000067,PHONE_TOPUP,EXECUTED,Nap 200k cho me,external_phone_topup_api,"{""from_account_no"": ""100676267658"", ""phone_number"": ""0313868611"", ""telco"": ""VIETTEL"", ""amount"": 100000, ""currency"": ""VND""}","{""phone_number"": ""0313868611"", ""telco"": ""VIETTEL"", ""amount"": 100000}",[],0.33,YELLOW,True,True,2026-05-25 20:21:34,2026-05-25 20:24:15
062f19c4-56b4-5732-bb00-7b527e8ec088,CIF000093,PHONE_TOPUP,PENDING_CONFIRMATION,Nap dien thoai 50k,external_phone_topup_api,"{""from_account_no"": ""1288013361"", ""phone_number"": ""0929042408"", ""telco"": ""VIETTEL"", ""amount"": 100000, ""currency"": ""VND""}","{""phone_number"": ""0929042408"", ""telco"": ""VIETTEL"", ""amount"": 100000}",[],0.23,GREEN,False,False,2026-05-19 08:02:55,2026-05-19 08:05:25
61d49be9-8761-5a35-a7c2-ba36b5fe4851,CIF000057,PHONE_TOPUP,MISSING_INFO,Nap 200k cho me,external_phone_topup_api,{},"{""phone_number"": ""0733730900"", ""telco"": ""MOBIFONE"", ""amount"": 50000}","[""amount""]",0.18,GREEN,False,False,2026-04-17 21:26:59,2026-04-17 21:27:46
c7825710-bb1a-5e7f-ab03-79e2e48b344d,CIF000035,PHONE_TOPUP,MISSING_INFO,Nap dien thoai 100k cho so lan truoc,external_phone_topup_api,{},"{""phone_number"": ""0963314767"", ""telco"": ""VIETTEL"", ""amount"": 100000}","[""phone_number""]",0.31,YELLOW,True,True,2026-04-05 19:02:09,2026-04-05 19:03:07
aaf8069e-1a5e-536a-9c5c-d6c483af61ef,CIF000061,PHONE_TOPUP,MISSING_INFO,Nap dien thoai 50k,external_phone_topup_api,{},"{""phone_number"": ""0785308967"", ""telco"": ""MOBIFONE"", ""amount"": 200000}","[""amount""]",0.27,GREEN,False,False,2026-04-24 14:51:29,2026-04-24 14:52:13
d00388ae-75d1-5260-bba3-6344b6082f93,CIF000086,PHONE_TOPUP,PENDING_CONFIRMATION,Nap dien thoai 50k,external_phone_topup_api,"{""from_account_no"": ""7798270808"", ""phone_number"": ""0821903616"", ""telco"": ""VINAPHONE"", ""amount"": 200000, ""currency"": ""VND""}","{""phone_number"": ""0821903616"", ""telco"": ""VINAPHONE"", ""amount"": 200000}",[],0.1,GREEN,False,False,2026-04-27 02:03:35,2026-04-27 02:05:34
109cfa4c-c73b-56b7-aa2c-0c7c0e7d8699,CIF000077,PHONE_TOPUP,EXECUTED,Nap dien thoai 100k cho so lan truoc,external_phone_topup_api,"{""from_account_no"": ""6667600835058"", ""phone_number"": ""0326237634"", ""telco"": ""VIETTEL"", ""amount"": 200000, ""currency"": ""VND""}","{""phone_number"": ""0326237634"", ""telco"": ""VIETTEL"", ""amount"": 200000}",[],0.07,GREEN,False,False,2026-05-25 16:55:34,2026-05-25 16:58:58
c63c5aef-a517-5265-b1e0-c9b85dd8b1b9,CIF000026,BILL_PAYMENT,PENDING_CONFIRMATION,Tra tien nuoc thang nay,external_bill_payment_api,"{""from_account_no"": ""039106518017"", ""biller_code"": ""FPT_NET_HCM"", ""customer_bill_code"": ""PI670186413"", ""amount"": 575320, ""currency"": ""VND""}","{""biller_code"": ""FPT_NET_HCM"", ""bill_code"": ""PI670186413"", ""amount"": 575320}",[],0.78,ORANGE,True,True,2026-04-17 06:41:20,2026-04-17 06:45:19
1cbbe3d0-2ef8-58fd-98d7-946b70196dbe,CIF000069,BILL_PAYMENT,FAILED,Thanh toan hoa don dien hom nay,external_bill_payment_api,"{""from_account_no"": ""5270477434902"", ""biller_code"": ""MOBI_PHONE"", ""customer_bill_code"": ""PP957369138"", ""amount"": 1709602, ""currency"": ""VND""}","{""biller_code"": ""MOBI_PHONE"", ""bill_code"": ""PP957369138"", ""amount"": 1709602}",[],0.25,GREEN,False,False,2026-05-11 02:01:06,2026-05-11 02:01:34
102c126d-3cbc-538c-8b98-ca1d04c7179e,CIF000085,BILL_PAYMENT,READY_TO_EXECUTE,Tra tien nuoc thang nay,external_bill_payment_api,"{""from_account_no"": ""5711305548851"", ""biller_code"": ""EVN_HCMC"", ""customer_bill_code"": ""PD743942625"", ""amount"": 2720627, ""currency"": ""VND""}","{""biller_code"": ""EVN_HCMC"", ""bill_code"": ""PD743942625"", ""amount"": 2720627}",[],0.42,YELLOW,True,True,2026-05-01 21:39:17,2026-05-01 21:41:38
738d4f8f-ab54-5b8f-a3a0-6e73ded9805e,CIF000044,BILL_PAYMENT,MISSING_INFO,Tra tien nuoc thang nay,external_bill_payment_api,{},"{""biller_code"": ""DAWACO"", ""bill_code"": ""PW335483530"", ""amount"": 747881}","[""customer_bill_code""]",0.4,YELLOW,True,True,2026-05-28 03:21:44,2026-05-28 03:23:52
3619a54c-d5fc-5e78-81e0-226e04c45f63,CIF000029,BILL_PAYMENT,PENDING_OTP,Thanh toan internet FPT,external_bill_payment_api,"{""from_account_no"": ""2843959953"", ""biller_code"": ""FPT_NET_HN"", ""customer_bill_code"": ""PI584567424"", ""amount"": 361333, ""currency"": ""VND""}","{""biller_code"": ""FPT_NET_HN"", ""bill_code"": ""PI584567424"", ""amount"": 361333}",[],0.07,GREEN,False,False,2026-04-01 15:00:17,2026-04-01 15:00:50
095d28b7-da67-54f6-b492-13ede9eab2ac,CIF000099,BILL_PAYMENT,BLOCKED,Tra tien nuoc thang nay,external_bill_payment_api,"{""from_account_no"": ""303856770051"", ""biller_code"": ""VNPT_NET_HN"", ""customer_bill_code"": ""PI570415484"", ""amount"": 224333, ""currency"": ""VND""}","{""biller_code"": ""VNPT_NET_HN"", ""bill_code"": ""PI570415484"", ""amount"": 224333}",[],0.86,RED,True,False,2026-05-11 14:18:31,2026-05-11 14:18:55
5296f1ed-6395-593b-9548-51165a09e360,CIF000083,BILL_PAYMENT,PENDING_CONFIRMATION,Thanh toan hoa don dien hom nay,external_bill_payment_api,"{""from_account_no"": ""6317797177517"", ""biller_code"": ""EVN_SOUTH"", ""customer_bill_code"": ""PD428848348"", ""amount"": 2189051, ""currency"": ""VND""}","{""biller_code"": ""EVN_SOUTH"", ""bill_code"": ""PD428848348"", ""amount"": 2189051}",[],0.19,GREEN,False,False,2026-05-04 12:07:11,2026-05-04 12:11:38
acaed704-8bcc-50e0-86c2-d7186eb1696c,CIF000008,BILL_PAYMENT,DRAFT,Thanh toan internet FPT,external_bill_payment_api,{},"{""biller_code"": ""EVN_DANANG"", ""bill_code"": ""PD321651732"", ""amount"": 2954837}",[],0.24,GREEN,False,False,2026-05-10 02:04:19,2026-05-10 02:06:53
bad497ed-f122-5d74-ae41-9bbbc33c34de,CIF000058,BILL_PAYMENT,BLOCKED,Thanh toan hoa don dien hom nay,external_bill_payment_api,"{""from_account_no"": ""75973832060"", ""biller_code"": ""DAWACO"", ""customer_bill_code"": ""PW862099714"", ""amount"": 2220617, ""currency"": ""VND""}","{""biller_code"": ""DAWACO"", ""bill_code"": ""PW862099714"", ""amount"": 2220617}",[],0.8,RED,True,False,2026-05-06 00:25:39,2026-05-06 00:29:52
4f51a166-a4b0-5a88-a631-d212b7daf9bd,CIF000081,BILL_PAYMENT,MISSING_INFO,Tra tien nuoc thang nay,external_bill_payment_api,{},"{""biller_code"": ""CMC_NET"", ""bill_code"": ""PI779686446"", ""amount"": 1074585}","[""biller_code""]",0.01,GREEN,False,False,2026-05-30 05:30:12,2026-05-30 05:34:49
79ed8eab-9684-50ca-99ae-21d70b8c7a72,CIF000083,BILL_PAYMENT,EXECUTED,Thanh toan internet FPT,external_bill_payment_api,"{""from_account_no"": ""6317797177517"", ""biller_code"": ""EVN_SOUTH"", ""customer_bill_code"": ""PD428848348"", ""amount"": 2020233, ""currency"": ""VND""}","{""biller_code"": ""EVN_SOUTH"", ""bill_code"": ""PD428848348"", ""amount"": 2020233}",[],0.55,YELLOW,True,True,2026-05-03 10:07:40,2026-05-03 10:07:47
9dfbcdaf-78dd-5eae-9a96-0be0922ca133,CIF000046,BILL_PAYMENT,PENDING_OTP,Thanh toan internet FPT,external_bill_payment_api,"{""from_account_no"": ""6767721903404"", ""biller_code"": ""SCTV_NET"", ""customer_bill_code"": ""PI136749147"", ""amount"": 265084, ""currency"": ""VND""}","{""biller_code"": ""SCTV_NET"", ""bill_code"": ""PI136749147"", ""amount"": 265084}",[],0.12,GREEN,False,False,2026-05-18 22:20:26,2026-05-18 22:24:45
7f0c775d-f00a-53c3-b0c8-1b6aa5e18458,CIF000029,BILL_PAYMENT,EXECUTED,Thanh toan internet FPT,external_bill_payment_api,"{""from_account_no"": ""2843959953"", ""biller_code"": ""EVN_SOUTH"", ""customer_bill_code"": ""PD755016314"", ""amount"": 2336340, ""currency"": ""VND""}","{""biller_code"": ""EVN_SOUTH"", ""bill_code"": ""PD755016314"", ""amount"": 2336340}",[],0.27,GREEN,False,False,2026-04-16 06:03:42,2026-04-16 06:07:42
13d3c900-519b-5f57-88d2-4dde88588a94,CIF000035,BILL_PAYMENT,EXECUTED,Thanh toan internet FPT,external_bill_payment_api,"{""from_account_no"": ""9977008860"", ""biller_code"": ""EVN_HANOI"", ""customer_bill_code"": ""PD199698872"", ""amount"": 2060800, ""currency"": ""VND""}","{""biller_code"": ""EVN_HANOI"", ""bill_code"": ""PD199698872"", ""amount"": 2060800}",[],0.45,YELLOW,True,True,2026-05-15 11:12:17,2026-05-15 11:15:00
79425ddb-a3e7-5061-b6f1-81e4e571f69e,CIF000068,BILL_PAYMENT,EXECUTED,Thanh toan hoa don dien hom nay,external_bill_payment_api,"{""from_account_no"": ""997062962015"", ""biller_code"": ""VNPT_PHONE"", ""customer_bill_code"": ""PP270958351"", ""amount"": 1473780, ""currency"": ""VND""}","{""biller_code"": ""VNPT_PHONE"", ""bill_code"": ""PP270958351"", ""amount"": 1473780}",[],0.57,YELLOW,True,True,2026-04-07 23:29:36,2026-04-07 23:29:59
48df7153-4bde-51fb-b9a7-8f151287c053,CIF000055,BILL_PAYMENT,PENDING_CONFIRMATION,Tra tien nuoc thang nay,external_bill_payment_api,"{""from_account_no"": ""648149177850"", ""biller_code"": ""DONG_NAI_WATER"", ""customer_bill_code"": ""PW860575419"", ""amount"": 220840, ""currency"": ""VND""}","{""biller_code"": ""DONG_NAI_WATER"", ""bill_code"": ""PW860575419"", ""amount"": 220840}",[],0.26,GREEN,False,False,2026-04-06 21:42:26,2026-04-06 21:45:42
6c70549d-8e19-5942-a3dc-0ecb509cdd60,CIF000046,BILL_PAYMENT,EXECUTED,Thanh toan internet FPT,external_bill_payment_api,"{""from_account_no"": ""9788191485807"", ""biller_code"": ""SCTV_NET"", ""customer_bill_code"": ""PI136749147"", ""amount"": 2225715, ""currency"": ""VND""}","{""biller_code"": ""SCTV_NET"", ""bill_code"": ""PI136749147"", ""amount"": 2225715}",[],0.1,GREEN,False,False,2026-05-30 09:12:35,2026-05-30 09:13:05
c734a04d-8664-57cd-a121-93d63788e2fb,CIF000053,BILL_PAYMENT,EXECUTED,Thanh toan internet FPT,external_bill_payment_api,"{""from_account_no"": ""389836403761"", ""biller_code"": ""EVN_HANOI"", ""customer_bill_code"": ""PD313327931"", ""amount"": 2483852, ""currency"": ""VND""}","{""biller_code"": ""EVN_HANOI"", ""bill_code"": ""PD313327931"", ""amount"": 2483852}",[],0.01,GREEN,False,False,2026-05-26 13:25:25,2026-05-26 13:28:39
f09f894c-94eb-50f7-becc-2318970a6ada,CIF000098,BILL_PAYMENT,EXECUTED,Thanh toan internet FPT,external_bill_payment_api,"{""from_account_no"": ""56394278816"", ""biller_code"": ""EVN_SOUTH"", ""customer_bill_code"": ""PD238392700"", ""amount"": 1263726, ""currency"": ""VND""}","{""biller_code"": ""EVN_SOUTH"", ""bill_code"": ""PD238392700"", ""amount"": 1263726}",[],0.49,YELLOW,True,True,2026-05-30 12:06:30,2026-05-30 12:11:05
a3b8cbf6-9da3-5c10-919f-12060ee0f6a8,CIF000099,BILL_PAYMENT,DRAFT,Thanh toan hoa don dien hom nay,external_bill_payment_api,{},"{""biller_code"": ""DAWACO"", ""bill_code"": ""PW189773437"", ""amount"": 697699}",[],0.1,GREEN,False,False,2026-05-22 10:37:49,2026-05-22 10:41:59
1ebde237-fafa-58f2-a3fd-c3852186c259,CIF000086,BILL_PAYMENT,BLOCKED,Tra tien nuoc thang nay,external_bill_payment_api,"{""from_account_no"": ""92216995866"", ""biller_code"": ""DAWACO"", ""customer_bill_code"": ""PD105143241"", ""amount"": 2856331, ""currency"": ""VND""}","{""biller_code"": ""DAWACO"", ""bill_code"": ""PD105143241"", ""amount"": 2856331}",[],1.0,RED,True,False,2026-05-14 11:04:47,2026-05-14 11:08:38
3b0b182a-e2df-5e8a-9812-845267a95238,CIF000073,BILL_PAYMENT,EXECUTED,Thanh toan internet FPT,external_bill_payment_api,"{""from_account_no"": ""33468007229"", ""biller_code"": ""VNPT_PHONE"", ""customer_bill_code"": ""PP677968834"", ""amount"": 218856, ""currency"": ""VND""}","{""biller_code"": ""VNPT_PHONE"", ""bill_code"": ""PP677968834"", ""amount"": 218856}",[],0.03,GREEN,False,False,2026-05-07 01:31:20,2026-05-07 01:35:09
8aa23295-9222-5154-95d3-1ed44d572ec6,CIF000052,BILL_PAYMENT,DRAFT,Thanh toan hoa don dien hom nay,external_bill_payment_api,{},"{""biller_code"": ""VNPT_NET_HCM"", ""bill_code"": ""PI980496878"", ""amount"": 1781655}",[],0.65,ORANGE,True,True,2026-05-27 19:25:35,2026-05-27 19:28:59
99e355e4-a80d-5f60-a6df-b87163b2be22,CIF000025,BILL_PAYMENT,FAILED,Thanh toan internet FPT,external_bill_payment_api,"{""from_account_no"": ""145933272795"", ""biller_code"": ""SAWACO"", ""customer_bill_code"": ""PW208920285"", ""amount"": 875456, ""currency"": ""VND""}","{""biller_code"": ""SAWACO"", ""bill_code"": ""PW208920285"", ""amount"": 875456}",[],0.27,GREEN,False,False,2026-05-22 14:24:26,2026-05-22 14:25:32
79fd64be-06ff-5a85-af68-b3641a2bc11c,CIF000061,CARD_LOCK,MISSING_INFO,Khoa the Visa ngay,external_card_service_api,{},"{""card_id"": ""508fbbf4-d41b-532e-8212-3ac000f9cee3"", ""action"": ""LOCK""}","[""card_id""]",0.02,GREEN,False,False,2026-05-29 18:10:27,2026-05-29 18:12:52
39fbf251-c8fa-5b9e-bfd2-a6fce7bd9399,CIF000026,CARD_LOCK,EXECUTED,Khoa the Visa ngay,external_card_service_api,"{""card_id"": ""c6972c9c-e697-54d4-ac05-edf8826fcc94"", ""masked_card_no"": ""**** **** **** 0000"", ""action"": ""LOCK"", ""reason"": ""USER_REQUEST""}","{""card_id"": ""c6972c9c-e697-54d4-ac05-edf8826fcc94"", ""action"": ""LOCK""}",[],0.48,YELLOW,True,True,2026-05-12 07:48:36,2026-05-12 07:51:11
dc88b98a-00d4-5b03-a607-c7d7b5df9290,CIF000051,CARD_LOCK,READY_TO_EXECUTE,Khoa the Visa ngay,external_card_service_api,"{""card_id"": ""c6972c9c-e697-54d4-ac05-edf8826fcc94"", ""masked_card_no"": ""**** **** **** 0000"", ""action"": ""LOCK"", ""reason"": ""USER_REQUEST""}","{""card_id"": ""c6972c9c-e697-54d4-ac05-edf8826fcc94"", ""action"": ""LOCK""}",[],0.07,GREEN,False,False,2026-04-30 00:20:19,2026-04-30 00:24:14
b6b11576-4230-5e20-b424-c89de3ebdc28,CIF000090,CARD_LOCK,EXECUTED,Khoa the Visa ngay,external_card_service_api,"{""card_id"": ""ff10069b-863d-5c15-8478-b5a6357ae35d"", ""masked_card_no"": ""**** **** **** 1728"", ""action"": ""LOCK"", ""reason"": ""USER_REQUEST""}","{""card_id"": ""ff10069b-863d-5c15-8478-b5a6357ae35d"", ""action"": ""LOCK""}",[],0.48,YELLOW,True,True,2026-04-20 15:10:50,2026-04-20 15:13:45
d6074799-7c65-5695-bb05-7d6aa53a0e52,CIF000068,CARD_LOCK,FAILED,Khoa the tin dung cua toi,external_card_service_api,"{""card_id"": ""c6972c9c-e697-54d4-ac05-edf8826fcc94"", ""masked_card_no"": ""**** **** **** 0000"", ""action"": ""LOCK"", ""reason"": ""USER_REQUEST""}","{""card_id"": ""c6972c9c-e697-54d4-ac05-edf8826fcc94"", ""action"": ""LOCK""}",[],0.16,GREEN,False,False,2026-04-20 23:03:30,2026-04-20 23:05:35
c4bfd488-d3f3-5b33-8680-f4dc362c6029,CIF000023,CARD_LOCK,EXECUTED,Khoa the tin dung cua toi,external_card_service_api,"{""card_id"": ""c6972c9c-e697-54d4-ac05-edf8826fcc94"", ""masked_card_no"": ""**** **** **** 0000"", ""action"": ""LOCK"", ""reason"": ""USER_REQUEST""}","{""card_id"": ""c6972c9c-e697-54d4-ac05-edf8826fcc94"", ""action"": ""LOCK""}",[],0.22,GREEN,False,False,2026-04-12 22:16:26,2026-04-12 22:17:51
dec0a1d9-3196-545c-b801-0db80ac424d9,CIF000017,CARD_LOCK,FAILED,Khoa the Visa ngay,external_card_service_api,"{""card_id"": ""c6972c9c-e697-54d4-ac05-edf8826fcc94"", ""masked_card_no"": ""**** **** **** 0000"", ""action"": ""LOCK"", ""reason"": ""USER_REQUEST""}","{""card_id"": ""c6972c9c-e697-54d4-ac05-edf8826fcc94"", ""action"": ""LOCK""}",[],0.4,YELLOW,True,True,2026-04-05 02:14:01,2026-04-05 02:18:34
f0e81528-bcec-507c-8e99-577a31f5360f,CIF000067,CARD_LOCK,EXECUTED,Khoa the Visa ngay,external_card_service_api,"{""card_id"": ""b823b6dc-7bf0-514f-a4ea-e9ba5f1dcc43"", ""masked_card_no"": ""**** **** **** 6544"", ""action"": ""LOCK"", ""reason"": ""USER_REQUEST""}","{""card_id"": ""b823b6dc-7bf0-514f-a4ea-e9ba5f1dcc43"", ""action"": ""LOCK""}",[],0.23,GREEN,False,False,2026-04-01 21:52:17,2026-04-01 21:55:36
c12a989f-c8fb-5bf0-b599-0dee93baf2ea,CIF000019,CARD_LOCK,FAILED,Khoa the Visa ngay,external_card_service_api,"{""card_id"": ""30bd528f-9d5e-5cbe-85f6-99300d28f45c"", ""masked_card_no"": ""**** **** **** 2928"", ""action"": ""LOCK"", ""reason"": ""USER_REQUEST""}","{""card_id"": ""30bd528f-9d5e-5cbe-85f6-99300d28f45c"", ""action"": ""LOCK""}",[],0.06,GREEN,False,False,2026-04-03 10:14:18,2026-04-03 10:18:58
0162e61f-8a04-5c30-b12f-3a30141abbd3,CIF000025,CARD_LOCK,FAILED,Khoa the tin dung cua toi,external_card_service_api,"{""card_id"": ""c6972c9c-e697-54d4-ac05-edf8826fcc94"", ""masked_card_no"": ""**** **** **** 0000"", ""action"": ""LOCK"", ""reason"": ""USER_REQUEST""}","{""card_id"": ""c6972c9c-e697-54d4-ac05-edf8826fcc94"", ""action"": ""LOCK""}",[],0.05,GREEN,False,False,2026-04-12 19:35:16,2026-04-12 19:38:11
63221824-9e37-5e69-9bd5-f9d094fccf3f,CIF000002,CARD_LOCK,EXECUTED,Khoa the Visa ngay,external_card_service_api,"{""card_id"": ""3f4ba2d3-a351-5ba3-987e-86b80af9c59d"", ""masked_card_no"": ""**** **** **** 0519"", ""action"": ""LOCK"", ""reason"": ""USER_REQUEST""}","{""card_id"": ""3f4ba2d3-a351-5ba3-987e-86b80af9c59d"", ""action"": ""LOCK""}",[],0.29,GREEN,False,False,2026-04-10 13:18:07,2026-04-10 13:20:44
14c0755f-80fb-539f-8a24-b9021e1a2854,CIF000015,CARD_LOCK,EXECUTED,Khoa the Visa ngay,external_card_service_api,"{""card_id"": ""c6972c9c-e697-54d4-ac05-edf8826fcc94"", ""masked_card_no"": ""**** **** **** 0000"", ""action"": ""LOCK"", ""reason"": ""USER_REQUEST""}","{""card_id"": ""c6972c9c-e697-54d4-ac05-edf8826fcc94"", ""action"": ""LOCK""}",[],0.06,GREEN,False,False,2026-05-19 21:52:42,2026-05-19 21:57:15
c5876e5d-cbb0-5370-bd68-34b9151bd8f5,CIF000042,CARD_UNLOCK,FAILED,Mo khoa the tin dung,external_card_service_api,"{""card_id"": ""c6972c9c-e697-54d4-ac05-edf8826fcc94"", ""masked_card_no"": ""**** **** **** 0000"", ""action"": ""UNLOCK"", ""reason"": ""USER_REQUEST""}","{""card_id"": ""c6972c9c-e697-54d4-ac05-edf8826fcc94"", ""action"": ""UNLOCK""}",[],0.08,GREEN,False,False,2026-05-17 12:24:06,2026-05-17 12:26:14
30697265-eb30-5ac8-9a9c-fbee9fd1514c,CIF000053,CARD_UNLOCK,EXECUTED,Mo khoa the tin dung,external_card_service_api,"{""card_id"": ""4c5ac389-a5ab-5345-9837-93ef32686811"", ""masked_card_no"": ""**** **** **** 5818"", ""action"": ""UNLOCK"", ""reason"": ""USER_REQUEST""}","{""card_id"": ""4c5ac389-a5ab-5345-9837-93ef32686811"", ""action"": ""UNLOCK""}",[],0.16,GREEN,False,False,2026-05-17 12:47:13,2026-05-17 12:47:57
ff6bdae8-a810-569f-93fd-62bf415a324b,CIF000058,CARD_UNLOCK,FAILED,Mo khoa the Visa,external_card_service_api,"{""card_id"": ""57705c51-13a2-528e-93a1-9ff2ebd0a1c1"", ""masked_card_no"": ""**** **** **** 9519"", ""action"": ""UNLOCK"", ""reason"": ""USER_REQUEST""}","{""card_id"": ""57705c51-13a2-528e-93a1-9ff2ebd0a1c1"", ""action"": ""UNLOCK""}",[],0.75,ORANGE,True,True,2026-05-19 12:01:25,2026-05-19 12:05:25
9ca245ea-4036-51b3-953a-47726c0e3c9a,CIF000085,CARD_UNLOCK,PENDING_CONFIRMATION,Mo khoa the Visa,external_card_service_api,"{""card_id"": ""21e837bb-d78f-5bb7-9cc6-193ec7fde3c2"", ""masked_card_no"": ""**** **** **** 5142"", ""action"": ""UNLOCK"", ""reason"": ""USER_REQUEST""}","{""card_id"": ""21e837bb-d78f-5bb7-9cc6-193ec7fde3c2"", ""action"": ""UNLOCK""}",[],0.13,GREEN,False,False,2026-05-04 12:26:57,2026-05-04 12:30:51
50e5e3f0-86d3-57d2-bcd5-a862f6673190,CIF000056,CARD_UNLOCK,EXECUTED,Mo khoa the tin dung,external_card_service_api,"{""card_id"": ""bd285b04-36a1-5146-a74e-b3a2ecbd173e"", ""masked_card_no"": ""**** **** **** 9579"", ""action"": ""UNLOCK"", ""reason"": ""USER_REQUEST""}","{""card_id"": ""bd285b04-36a1-5146-a74e-b3a2ecbd173e"", ""action"": ""UNLOCK""}",[],0.02,GREEN,False,False,2026-05-16 07:23:55,2026-05-16 07:24:26
48782f8a-d9be-53ab-afb8-8d58549dcd88,CIF000074,CARD_UNLOCK,FAILED,Mo khoa the tin dung,external_card_service_api,"{""card_id"": ""b601a82b-42ef-5dee-a29c-de4177db5d22"", ""masked_card_no"": ""**** **** **** 1746"", ""action"": ""UNLOCK"", ""reason"": ""USER_REQUEST""}","{""card_id"": ""b601a82b-42ef-5dee-a29c-de4177db5d22"", ""action"": ""UNLOCK""}",[],0.26,GREEN,False,False,2026-04-08 08:49:08,2026-04-08 08:51:22
2f0eadd1-a393-5863-bc9a-5f39ab47d70a,CIF000034,CARD_UNLOCK,BLOCKED,Mo khoa the Visa,external_card_service_api,"{""card_id"": ""847b6079-748f-5de5-bb68-cd966ef8d482"", ""masked_card_no"": ""**** **** **** 6075"", ""action"": ""UNLOCK"", ""reason"": ""USER_REQUEST""}","{""card_id"": ""847b6079-748f-5de5-bb68-cd966ef8d482"", ""action"": ""UNLOCK""}",[],0.92,RED,True,False,2026-05-26 02:14:38,2026-05-26 02:15:48
c45a847b-05f4-58ad-a6b1-bc51182d16b9,CIF000080,CARD_UNLOCK,BLOCKED,Mo khoa the tin dung,external_card_service_api,"{""card_id"": ""630ee91b-3f4e-52ed-ab71-3d91cd353f6e"", ""masked_card_no"": ""**** **** **** 9355"", ""action"": ""UNLOCK"", ""reason"": ""USER_REQUEST""}","{""card_id"": ""630ee91b-3f4e-52ed-ab71-3d91cd353f6e"", ""action"": ""UNLOCK""}",[],0.95,RED,True,False,2026-05-13 21:42:19,2026-05-13 21:45:33
396dd203-8507-5281-9a1c-99bcebeed643,CIF000007,CARD_UNLOCK,EXECUTED,Mo khoa the Visa,external_card_service_api,"{""card_id"": ""e619e99e-5de5-5b6a-a526-bcfaf18d6789"", ""masked_card_no"": ""**** **** **** 0241"", ""action"": ""UNLOCK"", ""reason"": ""USER_REQUEST""}","{""card_id"": ""e619e99e-5de5-5b6a-a526-bcfaf18d6789"", ""action"": ""UNLOCK""}",[],0.13,GREEN,False,False,2026-04-12 22:21:38,2026-04-12 22:23:57
7ac42b88-e323-56cd-be13-1f8a156e7ffb,CIF000021,CARD_UNLOCK,READY_TO_EXECUTE,Mo khoa the Visa,external_card_service_api,"{""card_id"": ""c6972c9c-e697-54d4-ac05-edf8826fcc94"", ""masked_card_no"": ""**** **** **** 0000"", ""action"": ""UNLOCK"", ""reason"": ""USER_REQUEST""}","{""card_id"": ""c6972c9c-e697-54d4-ac05-edf8826fcc94"", ""action"": ""UNLOCK""}",[],0.09,GREEN,False,False,2026-04-10 13:22:36,2026-04-10 13:25:31
9e4d0e2d-579a-5059-bb5c-af13d7fb18d9,CIF000089,CARD_LIMIT_CHANGE,FAILED,Tang han muc the len 100 trieu,external_card_service_api,"{""card_id"": ""c6972c9c-e697-54d4-ac05-edf8826fcc94"", ""masked_card_no"": ""**** **** **** 0000"", ""new_limit"": 150000000, ""currency"": ""VND""}","{""card_id"": ""c6972c9c-e697-54d4-ac05-edf8826fcc94"", ""new_limit"": 150000000}",[],0.22,GREEN,False,False,2026-05-17 21:01:36,2026-05-17 21:02:18
e8a14f24-ddfc-56fb-85f5-4730cae22cab,CIF000089,CARD_LIMIT_CHANGE,FAILED,Tang han muc the len 100 trieu,external_card_service_api,"{""card_id"": ""c6972c9c-e697-54d4-ac05-edf8826fcc94"", ""masked_card_no"": ""**** **** **** 0000"", ""new_limit"": 150000000, ""currency"": ""VND""}","{""card_id"": ""c6972c9c-e697-54d4-ac05-edf8826fcc94"", ""new_limit"": 150000000}",[],0.43,YELLOW,True,True,2026-04-25 11:55:46,2026-04-25 11:59:39
8c99388f-1c92-535d-8977-fb68c735d636,CIF000081,CARD_LIMIT_CHANGE,EXECUTED,Giam han muc the xuong 50 trieu,external_card_service_api,"{""card_id"": ""c6972c9c-e697-54d4-ac05-edf8826fcc94"", ""masked_card_no"": ""**** **** **** 0000"", ""new_limit"": 100000000, ""currency"": ""VND""}","{""card_id"": ""c6972c9c-e697-54d4-ac05-edf8826fcc94"", ""new_limit"": 100000000}",[],0.25,GREEN,False,False,2026-05-30 11:08:55,2026-05-30 11:12:56
56d8375c-b612-56f3-a0a8-2a301f99d742,CIF000057,CARD_LIMIT_CHANGE,EXECUTED,Tang han muc the len 100 trieu,external_card_service_api,"{""card_id"": ""f7e8f555-105d-5ddf-99dc-82478fc7a451"", ""masked_card_no"": ""**** **** **** 7331"", ""new_limit"": 150000000, ""currency"": ""VND""}","{""card_id"": ""f7e8f555-105d-5ddf-99dc-82478fc7a451"", ""new_limit"": 150000000}",[],0.25,GREEN,False,False,2026-05-01 02:30:35,2026-05-01 02:32:05
c5bc101f-4d25-5980-862b-c93c69bff0f3,CIF000007,CARD_LIMIT_CHANGE,FAILED,Giam han muc the xuong 50 trieu,external_card_service_api,"{""card_id"": ""c6972c9c-e697-54d4-ac05-edf8826fcc94"", ""masked_card_no"": ""**** **** **** 0000"", ""new_limit"": 100000000, ""currency"": ""VND""}","{""card_id"": ""c6972c9c-e697-54d4-ac05-edf8826fcc94"", ""new_limit"": 100000000}",[],0.21,GREEN,False,False,2026-05-26 13:35:06,2026-05-26 13:38:01
2d175c9a-9052-5df9-9730-e026df8c4f5e,CIF000019,CARD_LIMIT_CHANGE,BLOCKED,Giam han muc the xuong 50 trieu,external_card_service_api,"{""card_id"": ""f06dcb6a-a11b-549d-a92c-a0989f97a82a"", ""masked_card_no"": ""**** **** **** 6522"", ""new_limit"": 50000000, ""currency"": ""VND""}","{""card_id"": ""f06dcb6a-a11b-549d-a92c-a0989f97a82a"", ""new_limit"": 50000000}",[],0.92,RED,True,False,2026-05-20 14:55:20,2026-05-20 14:59:06
2220160e-f47c-587a-bac7-9c4dac4e9bbb,CIF000071,CARD_LIMIT_CHANGE,EXECUTED,Giam han muc the xuong 50 trieu,external_card_service_api,"{""card_id"": ""937fb14b-8732-5f5d-9b18-8c568c5089fa"", ""masked_card_no"": ""**** **** **** 0853"", ""new_limit"": 100000000, ""currency"": ""VND""}","{""card_id"": ""937fb14b-8732-5f5d-9b18-8c568c5089fa"", ""new_limit"": 100000000}",[],0.0,GREEN,False,False,2026-04-22 21:28:55,2026-04-22 21:30:32
fc5f609b-999b-501a-ad1c-b1c5d2bdbd56,CIF000042,CARD_LIMIT_CHANGE,MISSING_INFO,Tang han muc the len 100 trieu,external_card_service_api,{},"{""card_id"": ""c6972c9c-e697-54d4-ac05-edf8826fcc94"", ""new_limit"": 50000000}","[""card_id""]",0.27,GREEN,False,False,2026-04-09 02:07:57,2026-04-09 02:11:58
